{
  "name": "FoomafuTracker",
  "packages": [
    {
      "name": "[ALPHA] KirbySuperStar Tracker",
      "author": "Foomafu",
      "game_name": "Kirby Super Star",
      "version": "0.0.1",
      "required_app_version": "2.3.8.19",
      "uid": "Foom_KSS_Tracker_beta",
      "flags": [ "map", "pins", "chathud" ],
      "link": "https://github.com/Foomafu/-ALPHA-KirbySuperStar-Tracker",
      "documentation_url": "",
      "variants": [
        {
          "name": "Standard Map Tracker",
          "flags": [ "map", "pins", "chathud" ]
        },
        }
      ]
    }
  ]
}