[
  {
    "name": "Coarkboard",
    "chest_unopened_img": "images/checks/chestunopened.png",
    "chest_opened_img": "images/checks/chestopened.png",
    "children": [
      {
        "name": "Coarkboard",
        "children": [
          {
            "name": "Spring Breeze",
            "map_locations": [
              {
                "map": "coarkboard",
                "x": 25,
                "y": 50,
                "size": 10,
                "border_thickness": 1
              }
            ],
            "sections": [
              {
                "name": "End of Chapters",
                "access_rules": [
                  "",
                ],
                "item_count": 4,
                "clear_as_group": false,
                "chest_unopened_img": "images/checks/dynastageunchecked.png",
                "chest_opened_img": "images/checks/dynastagechecked.png",
              }
            ]
          },
          {
            "name": "Gourmet Race",
            "map_locations": [
              {
                "map": "coarkboard",
                "x": 121,
                "y": 31,
                "size": 10,
                "border_thickness": 1
              }
            ],
            "sections": [
              {
                "name": "Win Round 1",
                "access_rules": [
                  "",
                ],
                "item_count": 1,
                "clear_as_group": false,
                "chest_unopened_img": "images/checks/dynastageunchecked.png",
                "chest_opened_img": "images/checks/flan.png",
              },
              {
                "name": "Win Round 2",
                "access_rules": [
                  "",
                ],
                "item_count": 1,
                "clear_as_group": false,
                "chest_unopened_img": "images/checks/dynastageunchecked.png",
                "chest_opened_img": "images/checks/tomato.png",
              },
              {
                "name": "Win Round 3",
                "access_rules": [
                  "",
                ],
                "item_count": 1,
                "clear_as_group": false,
                "chest_unopened_img": "images/checks/dynastageunchecked.png",
                "chest_opened_img": "images/checks/lollipop.png",
              },
            ]
          },
          {
            "name": "The Great Cave Offensive",
            "map_locations": [
              {
                "map": "coarkboard",
                "x": 79,
                "y": 97,
                "size": 10,
                "border_thickness": 1
              }
            ],
            "sections": [
              {
                "name": "Sub-Tree Area Treasures",
                "item_count": 13,
                "clear_as_group": false,
              },
              {
                "name": "Sub-Tree Area Fatty Whale",
                "item_count": 1,
                "chest_unopened_img": "images/checks/dynastageunchecked.png",
                "chest_opened_img": "images/checks/dynastagechecked.png",
              },
              {
                "name": "Crystal Area Treasures",
                "item_count": 16,
                "clear_as_group": false,
              },
              {
                "name": "Crystal Area Computer Virus",
                "item_count": 1,
                "chest_unopened_img": "images/checks/dynastageunchecked.png",
                "chest_opened_img": "images/checks/dynastagechecked.png",
              },
              {
                "name": "Old Tower Area Treasures",
                "item_count": 16,
                "clear_as_group": false,
              },
              {
                "name": "Old Tower Area Chameleo Arm",
                "item_count": 1,
                "chest_unopened_img": "images/checks/dynastageunchecked.png",
                "chest_opened_img": "images/checks/dynastagechecked.png",
              },
              {
                "name": "Garden Area Treasures",
                "item_count": 15,
                "clear_as_group": false,
              },
              {
                "name": "Garden Area Wham Bam Rock",
                "item_count": 1,
                "chest_unopened_img": "images/checks/dynastageunchecked.png",
                "chest_opened_img": "images/checks/dynastagechecked.png",
              },
            ]
          },
          {
            "name": "Revenge of Meta Knight",
            "map_locations": [
              {
                "map": "coarkboard",
                "x": 140,
                "y": 120,
                "size": 10,
                "border_thickness": 1
              }
            ],
            "sections": [
              {
                "name": "End of Chapters",
                "access_rules": [
                  "",
                ],
                "item_count": 7,
                "clear_as_group": false,
                "chest_unopened_img": "images/checks/dynastageunchecked.png",
                "chest_opened_img": "images/checks/dynastagechecked.png",
              },
            ]
          },
          {
            "name": "The Arena",
            "map_locations": [
              {
                "map": "coarkboard",
                "x": 193,
                "y": 150,
                "size": 10,
                "border_thickness": 1
              }
            ],
            "sections": [
              {
                "name": "Straight Wins",
                "item_count": 19,
                "clear_as_group": false,
                "chest_unopened_img": "images/checks/dynastageunchecked.png",
                "chest_opened_img": "images/checks/dynastagechecked.png",
              }
            ]
          },
        ]
      }
    ]
  }
]