[
  {
    "name": "Dyna Blade",
    "chest_unopened_img": "images/checks/dynastageunchecked.png",
    "chest_opened_img": "images/checks/dynastagechecked.png",
    "children": [
      {
        "name": "Peanut Plains",
        "map_locations": [
          {
            "map": "dynablade",
            "x": 52,
            "y": 153,
            "size": 10,
            "border_thickness": 1
          }
        ],
        "sections": [
          {
            "name": "Peanut Plains Clear",
            "hosted_item": "peanutplainsclear",
            "access_rules": [
              "",
            ],
          }
        ]
      },
      {
        "name": "Mallow Castle",
        "map_locations": [
          {
            "map": "dynablade",
            "x": 122,
            "y": 127,
            "size": 10,
            "border_thickness": 1
          }
        ],
        "sections": [
          {
            "name": "Mallow Castle Clear",
            "hosted_item": "mallowcastleclear",
            "clear_as_group": false,
          },
          {
            "name": "Mallow Castle Big Switch",
            "hosted_item": "mallowcastleswitch",
            "chest_unopened_img": "images/checks/bigswitchunpressed.png",
            "chest_opened_img": "images/checks/bigswitchpressed.png",
          },
        ]
      },
      {
        "name": "Trial Room 1",
        "map_locations": [
          {
            "map": "dynablade",
            "size": 10,
            "x": 66,
            "y": 83,
            "border_thickness": 1
          }
        ],
        "sections": [
          {
            "name": "Trial Room 1 Clear",
            "access_rules": [
              "",
            ],
            "hosted_item": "trialroom1clear",
          },
        ]
      },
      {
        "name": "E Stage",
        "map_locations": [
          {
            "map": "dynablade",
            "x": 122,
            "y": 163,
            "size": 10,
            "border_thickness": 1
          }
        ],
        "sections": [
          {
            "name": "E Stage Clear",
            "access_rules": [
             "",
            ],
            "hosted_item": "estageclear",
            "chest_unopened_img": "images/checks/estageunchecked.png",
            "chest_opened_img": "images/checks/estagechecked.png",
          },
        ]
      },
      {
        "name": "Cocoa Cave",
        "map_locations": [
          {
            "map": "dynablade",
            "x": 153,
            "y": 163,
            "size": 10,
            "border_thickness": 1
          }
        ],
        "sections": [
          {
            "name": "Cocoa Cave Clear",
            "access_rules": [
              "",
            ],
            "hosted_item": "cocoacaveclear",
          },
        ]
      },
      {
        "name": "Candy Mountain",
        "map_locations": [
          {
            "map": "dynablade",
            "x": 168,
            "y": 101,
            "size": 10,
            "border_thickness": 1
          },
        ],
        "sections": [
          {
            "name": "Candy Mountain Clear",
            "hosted_item": "candymountainclear",
          },
          {
            "name": "Candy Mountain Big Switch",
            "hosted_item": "candymountainswitch",
            "chest_unopened_img": "images/checks/bigswitchunpressed.png",
            "chest_opened_img": "images/checks/bigswitchpressed.png",
          },
        ]
      },
      {
        "name": "Trial Room 2",
        "map_locations": [
          {
            "map": "dynablade",
            "size": 10,
            "x": 145,
            "y": 73,
            "border_thickness": 1
          }
        ],
        "sections": [
          {
            "name": "Trial Room 2 Clear",
            "access_rules": [
              "",
            ],
            "hosted_item": "trialroom2clear",
          },
        ]
      },
      {
        "name": "Dyna Blade's Nest",
        "map_locations": [
          {
            "map": "dynablade",
            "size": 10,
            "x": 207,
            "y": 82,
            "border_thickness": 1
          }
        ],
        "sections": [
          {
            "name": "Dyna Blade Clear",
            "access_rules": [
              "",
            ],
            "hosted_item": "dynabladeclear",
          },
        ]
      },
      {
        "name": "Dyna Blade",
        "sections": [
          {
            "name": "Peanut Plains Clear",
            "hosted_item": "peanutplainsclear",
            "access_rules": [
              "",
            ],
          },
          {
            "name": "Mallow Castle Clear",
            "hosted_item": "mallowcastleclear",
            "clear_as_group": false,
          },
          {
            "name": "Mallow Castle Big Switch",
            "hosted_item": "mallowcastleswitch",
            "chest_unopened_img": "images/checks/bigswitchunpressed.png",
            "chest_opened_img": "images/checks/bigswitchpressed.png",
          },
          {
            "name": "Trial Room 1 Clear",
            "hosted_item": "trialroom1clear",
            "access_rules": [
              "",
            ],
          },
          {
            "name": "E Stage Clear",
            "hosted_item": "estageclear",
            "access_rules": [
              "",
            ],
            "chest_unopened_img": "images/checks/estageunchecked.png",
            "chest_opened_img": "images/checks/estagechecked.png",
          },
          {
            "name": "Cocoa Cave Clear",
            "hosted_item": "cocoacaveclear",
            "access_rules": [
              "",
            ],
          },
          {
            "name": "Candy Mountain Clear",
            "hosted_item": "candymountainclear",
          },
          {
            "name": "Candy Mountain Big Switch",
            "hosted_item": "candymountainswitch",
            "chest_unopened_img": "images/checks/bigswitchunpressed.png",
            "chest_opened_img": "images/checks/bigswitchpressed.png",
          },
          {
            "name": "Trial Room 2 Clear",
            "hosted_item": "trialroom2clear",
            "access_rules": [
              "",
            ],
          },
          {
            "name": "Dyna Blade Clear",
            "hosted_item": "dynabladeclear",
            "access_rules": [
              "",
            ],
          },
        ],
        "map_locations": [
          {
            "map": "coarkboard",
            "size": 10,
            "x": 53,
            "y": 132,
            "border_thickness": 1
          },
        ],
      }
    ]
  }
]