[
  {
    "name": "Milky Way Wishes",
    "chest_unopened_img": "images/checks/dynastageunchecked.png",
    "chest_opened_img": "images/checks/dynastagechecked.png",
    "children": [
      {
        "name": "Floria",
        "map_locations": [
          {
            "map": "milkywaywishes",
            "x": 40,
            "y": 69,
            "size": 15,
            "border_thickness": 1.4
          }
        ],
        "sections": [
          {
            "name": "Cutter Essence",
            "hosted_item": "cutteressence",
            "chest_unopened_img": "images/checks/cutteres.png",
            "chest_opened_img": "images/checks/eschecked.png",
            "access_rules": [
              "",
            ],
          },
          {
            "name": "Fighter Essence",
            "hosted_item": "fighteressence",
            "chest_unopened_img": "images/checks/fighteres.png",
            "chest_opened_img": "images/checks/eschecked.png",
            "access_rules": [
              "",
            ],
          },
          {
            "name": "Ice Essence",
            "hosted_item": "iceessence",
            "chest_unopened_img": "images/checks/icees.png",
            "chest_opened_img": "images/checks/eschecked.png",
            "access_rules": [
              "",
            ],
          },
          {
            "name": "Twin Woods",
            "hosted_item": "twinwoods",
            "chest_unopened_img": "images/checks/dynastageunchecked.png",
            "chest_opened_img": "images/checks/dynastagechecked.png",
            "access_rules": [
              "",
            ],
          },
        ]
      },
      {
        "name": "Aqualiss",
        "map_locations": [
          {
            "map": "milkywaywishes",
            "x": 136,
            "y": 103,
            "size": 15,
            "border_thickness": 1.4
          }
        ],
        "sections": [
          {
            "name": "Beam Essence",
            "hosted_item": "beamessence",
            "chest_unopened_img": "images/checks/beames.png",
            "chest_opened_img": "images/checks/eschecked.png",
            "access_rules": [
              "",
            ],
          },
          {
            "name": "Parasol Essence",
            "hosted_item": "parasolessence",
            "chest_unopened_img": "images/checks/parasoles.png",
            "chest_opened_img": "images/checks/eschecked.png",
            "access_rules": [
              "",
            ],
          },
          {
            "name": "Sword Essence",
            "hosted_item": "swordessence",
            "chest_unopened_img": "images/checks/swordes.png",
            "chest_opened_img": "images/checks/eschecked.png",
            "access_rules": [
              "",
            ],
          },
          {
            "name": "Fatty Whale",
            "hosted_item": "fattywhale",
            "chest_unopened_img": "images/checks/dynastageunchecked.png",
            "chest_opened_img": "images/checks/dynastagechecked.png",
            "access_rules": [
              "",
            ],
          },
        ]
      },
      {
        "name": "Skyhigh",
        "map_locations": [
          {
            "map": "milkywaywishes",
            "size": 15,
            "x": 201,
            "y": 256,
            "border_thickness": 1.4
          }
        ],
        "sections": [
          {
            "name": "Jet Essence",
            "hosted_item": "jetessence",
            "chest_unopened_img": "images/checks/jetes.png",
            "chest_opened_img": "images/checks/eschecked.png",
            "access_rules": [
              "",
            ],
          },
          {
            "name": "Wheel Essence",
            "hosted_item": "wheelessence",
            "chest_unopened_img": "images/checks/wheeles.png",
            "chest_opened_img": "images/checks/eschecked.png",
            "access_rules": [
              "",
            ],
          },
          {
            "name": "Wing Essence",
            "hosted_item": "wingessence",
            "chest_unopened_img": "images/checks/winges.png",
            "chest_opened_img": "images/checks/eschecked.png",
            "access_rules": [
              "",
            ],
          },
          {
            "name": "Kracko",
            "hosted_item": "kracko",
            "chest_unopened_img": "images/checks/dynastageunchecked.png",
            "chest_opened_img": "images/checks/dynastagechecked.png",
            "access_rules": [
              "",
            ],
          },
        ]
      },
      {
        "name": "Hotbeat",
        "map_locations": [
          {
            "map": "milkywaywishes",
            "x": 280,
            "y": 271,
            "size": 15,
            "border_thickness": 1.4
          }
        ],
        "sections": [
          {
            "name": "Fire Essence",
            "hosted_item": "fireessence",
            "chest_unopened_img": "images/checks/firees.png",
            "chest_opened_img": "images/checks/eschecked.png",
            "access_rules": [
              "",
            ],
          },
          {
            "name": "Suplex Essence",
            "hosted_item": "suplexessence",
            "chest_unopened_img": "images/checks/suplexes.png",
            "chest_opened_img": "images/checks/eschecked.png",
            "access_rules": [
              "",
            ],
          },
          {
            "name": "Chameleo Arm",
            "hosted_item": "chameleoarm",
            "chest_unopened_img": "images/checks/dynastageunchecked.png",
            "chest_opened_img": "images/checks/dynastagechecked.png",
            "access_rules": [
              "",
            ],
          },
        ]
      },
      {
        "name": "Cavios",
        "map_locations": [
          {
            "map": "milkywaywishes",
            "x": 240,
            "y": 173,
            "size": 15,
            "border_thickness": 1.4
          }
        ],
        "sections": [
          {
            "name": "Bomb Essence",
            "hosted_item": "bombessence",
            "chest_unopened_img": "images/checks/bombes.png",
            "chest_opened_img": "images/checks/eschecked.png",
            "access_rules": [
              "",
            ],
          },
          {
            "name": "Hammer Essence",
            "hosted_item": "hammeressence",
            "chest_unopened_img": "images/checks/hammeres.png",
            "chest_opened_img": "images/checks/eschecked.png",
            "access_rules": [
              "",
            ],
          },
          {
            "name": "Stone Essence",
            "hosted_item": "stoneessence",
            "chest_unopened_img": "images/checks/stonees.png",
            "chest_opened_img": "images/checks/eschecked.png",
            "access_rules": [
              "",
            ],
          },
          {
            "name": "Wham Bam Rock",
            "hosted_item": "whambamrock",
            "chest_unopened_img": "images/checks/dynastageunchecked.png",
            "chest_opened_img": "images/checks/dynastagechecked.png",
            "access_rules": [
              "",
            ],
          },
        ]
      },
      {
        "name": "Mecheye",
        "map_locations": [
          {
            "map": "milkywaywishes",
            "x": 336,
            "y": 167,
            "size": 15,
            "border_thickness": 1.4
          },
        ],
        "sections": [
          {
            "name": "Plasma Essence",
            "hosted_item": "plasmaessence",
            "chest_unopened_img": "images/checks/plasmaes.png",
            "chest_opened_img": "images/checks/eschecked.png",
            "access_rules": [
              "",
            ],
          },
          {
            "name": "Yoyo Essence",
            "hosted_item": "yoyoessence",
            "chest_unopened_img": "images/checks/yoyoes.png",
            "chest_opened_img": "images/checks/eschecked.png",
            "access_rules": [
              "",
            ],
          },
          {
            "name": "Heavy Lobster",
            "hosted_item": "heavylobster",
            "chest_unopened_img": "images/checks/dynastageunchecked.png",
            "chest_opened_img": "images/checks/dynastagechecked.png",
            "access_rules": [
              "",
            ],
          },
        ]
      },
      {
        "name": "Halfmoon",
        "map_locations": [
          {
            "map": "milkywaywishes",
            "size": 15,
            "x": 232,
            "y": 63,
            "border_thickness": 1.4
          }
        ],
        "sections": [
          {
            "name": "Mirror Essence",
            "hosted_item": "mirroressence",
            "chest_unopened_img": "images/checks/mirrores.png",
            "chest_opened_img": "images/checks/eschecked.png",
            "access_rules": [
              "",
            ],
          },
          {
            "name": "Ninja Essence",
            "hosted_item": "ninjaessence",
            "chest_unopened_img": "images/checks/ninjaes.png",
            "chest_opened_img": "images/checks/eschecked.png",
            "access_rules": [
              "",
            ],
          },
          {
            "name": "Computer Virus",
            "hosted_item": "computervirus",
            "chest_unopened_img": "images/checks/dynastageunchecked.png",
            "chest_opened_img": "images/checks/dynastagechecked.png",
            "access_rules": [
              "",
            ],
          },
        ]
      },
      {
        "name": "???",
        "map_locations": [
          {
            "map": "milkywaywishes",
            "size": 15,
            "x": 190,
            "y": 199,
            "border_thickness": 1.4
          }
        ],
        "sections": [
          {
            "name": "Copy Essence",
            "hosted_item": "copyessence",
            "chest_unopened_img": "images/checks/copyes.png",
            "chest_opened_img": "images/checks/eschecked.png",
            "access_rules": [
              "",
            ],
          },
        ]
      },
      {
        "name": "Milky Way Wishes",
        "sections": [
          {
            "name": "Cutter Essence",
            "hosted_item": "cutteressence",
            "access_rules": [
              "",
            ],
          },
          {
            "name": "Fighter Essence",
            "hosted_item": "fighteressence",
            "access_rules": [
              "",
            ],
          },
          {
            "name": "Ice Essence",
            "hosted_item": "iceessence",
            "access_rules": [
              "",
            ],
          },
          {
            "name": "Twin Woods",
            "hosted_item": "twinwoods",
            "access_rules": [
              "",
            ],
          },
          {
            "name": "Beam Essence",
            "hosted_item": "beamessence",
            "access_rules": [
              "",
            ],
          },
          {
            "name": "Parasol Essence",
            "hosted_item": "parasolessence",
            "access_rules": [
              "",
            ],
          },
          {
            "name": "Sword Essence",
            "hosted_item": "swordessence",
            "access_rules": [
              "",
            ],
          },
          {
            "name": "Fatty Whale",
            "hosted_item": "fattywhale",
            "access_rules": [
              "",
            ],
          },
          {
            "name": "Jet Essence",
            "hosted_item": "Jetessence",
            "access_rules": [
              "",
            ],
          },
          {
            "name": "Wheel Essence",
            "hosted_item": "Wheelessence",
            "access_rules": [
              "",
            ],
          },
          {
            "name": "Wing Essence",
            "hosted_item": "wingessence",
            "access_rules": [
              "",
            ],
          },
          {
            "name": "Kracko",
            "hosted_item": "kracko",
            "access_rules": [
              "",
            ],
          },
          {
            "name": "Fire Essence",
            "hosted_item": "fireessence",
            "access_rules": [
              "",
            ],
          },
          {
            "name": "Suplex Essence",
            "hosted_item": "suplexessence",
            "access_rules": [
              "",
            ],
          },
          {
            "name": "Chameleo Arm",
            "hosted_item": "chameleoarm",
            "access_rules": [
              "",
            ],
          },
          {
            "name": "Bomb Essence",
            "hosted_item": "bombessence",
            "access_rules": [
              "",
            ],
          },
          {
            "name": "Hammer Essence",
            "hosted_item": "hammeressence",
            "access_rules": [
              "",
            ],
          },
          {
            "name": "Stone Essence",
            "hosted_item": "stoneessence",
            "access_rules": [
              "",
            ],
          },
          {
            "name": "Plasma Essence",
            "hosted_item": "plasmaessence",
            "access_rules": [
              "",
            ],
          },
          {
            "name": "Wham Bam Rock",
            "hosted_item": "whambamrock",
            "access_rules": [
              "",
            ],
          },
          {
            "name": "Yoyo Essence",
            "hosted_item": "yoyoessence",
            "access_rules": [
              "",
            ],
          },
          {
            "name": "Heavy Lobster",
            "hosted_item": "heavylobster",
            "access_rules": [
              "",
            ],
          },
          {
            "name": "Mirror Essence",
            "hosted_item": "mirroressence",
            "access_rules": [
              "",
            ],
          },
          {
            "name": "Ninja Essence",
            "hosted_item": "Ninjaessence",
            "access_rules": [
              "",
            ],
          },
          {
            "name": "Computer Virus",
            "hosted_item": "computervirus",
            "access_rules": [
              "",
            ],
          },
          {
            "name": "Copy Essence",
            "hosted_item": "copyessence",
            "access_rules": [
              "",
            ],
          },
        ],
        "map_locations": [
          {
            "map": "coarkboard",
            "x": 215,
            "y": 85,
            "size": 10,
            "border_thickness": 1.4,
            "badge_size": 30
          },
        ],
      }
    ]
  }
]