[
  {
    "name": "Ice",
    "type": "toggle",
    "loop": true,
    "img": "images/abilities/ice.png",
    "codes": "ice"
  },
  {
    "name": "Plasma",
    "type": "toggle",
    "loop": true,
    "img": "images/abilities/plasma.png",
    "codes": "plasma"
  },
  {
    "name": "Yoyo",
    "type": "toggle",
    "loop": true,
    "img": "images/abilities/yoyo.png",
    "codes": "yoyo"
  },
  {
    "name": "Bomb",
    "type": "toggle",
    "loop": true,
    "img": "images/abilities/bomb.png",
    "codes": "bomb"
  },
  {
    "name": "Sword",
    "type": "toggle",
    "loop": true,
    "img": "images/abilities/sword.png",
    "codes": "sword"
  },
  {
    "name": "Fire",
    "type": "toggle",
    "loop": true,
    "img": "images/abilities/fire.png",
    "codes": "fire"
  },
  {
    "name": "Wing",
    "type": "toggle",
    "loop": true,
    "img": "images/abilities/wing.png",
    "codes": "wing"
  },
  {
    "name": "Cutter",
    "type": "toggle",
    "loop": true,
    "img": "images/abilities/cutter.png",
    "codes": "cutter"
  },
  {
    "name": "Mirror",
    "type": "toggle",
    "loop": true,
    "img": "images/abilities/mirror.png",
    "codes": "mirror"
  },
  {
    "name": "Beam",
    "type": "toggle",
    "loop": true,
    "img": "images/abilities/beam.png",
    "codes": "beam"
  },
  {
    "name": "Fighter",
    "type": "toggle",
    "loop": true,
    "img": "images/abilities/fighter.png",
    "codes": "fighter"
  },
  {
    "name": "Parasol",
    "type": "toggle",
    "loop": true,
    "img": "images/abilities/parasol.png",
    "codes": "parasol"
  },
  {
    "name": "Stone",
    "type": "toggle",
    "loop": true,
    "img": "images/abilities/stone.png",
    "codes": "stone"
  },
  {
    "name": "Wheel",
    "type": "toggle",
    "loop": true,
    "img": "images/abilities/wheel.png",
    "codes": "wheel"
  },
  {
    "name": "Jet",
    "type": "toggle",
    "loop": true,
    "img": "images/abilities/jet.png",
    "codes": "jet"
  },
  {
    "name": "Suplex",
    "type": "toggle",
    "loop": true,
    "img": "images/abilities/suplex.png",
    "codes": "suplex"
  },
  {
    "name": "Hammer",
    "type": "toggle",
    "loop": true,
    "img": "images/abilities/hammer.png",
    "codes": "hammer"
  },
  {
    "name": "Ninja",
    "type": "toggle",
    "loop": true,
    "img": "images/abilities/ninja.png",
    "codes": "ninja"
  },
  {
    "name": "Copy",
    "type": "toggle",
    "loop": true,
    "img": "images/abilities/copy.png",
    "codes": "copy"
  },
]