[
  {
    "name": "Peanut Plains Clear",
    "type": "toggle",
    "img": "images/checks/dynastagechecked.png",
    "disabled_img": "images/checks/dynastageunchecked.png",
    "codes": "peanutplainsclear"
  },
  {
    "name": "Mallow Castle Clear",
    "type": "toggle",
    "img": "images/checks/dynastagechecked.png",
    "disabled_img": "images/checks/dynastageunchecked.png",
    "codes": "mallowcastleclear"
  },
  {
    "name": "Mallow Castle Big Switch",
    "type": "toggle",
    "img": "images/checks/bigswitchpressed.png",
    "disabled_img": "images/checks/bigswitchunpressed.png",
    "codes": "mallowcastleswitch"
  },
  {
    "name": "Trial Room 1 Clear",
    "type": "toggle",
    "img": "images/checks/dynastagechecked.png",
    "disabled_img": "images/checks/dynastageunchecked.png",
    "codes": "trialroom1clear"
  },
  {
    "name": "E Stage Clear",
    "type": "toggle",
    "img": "images/checks/estagechecked.png",
    "disabled_img": "images/checks/estageunchecked.png",
    "codes": "estageclear"
  },
  {
    "name": "Cocoa Cave Clear",
    "type": "toggle",
    "img": "images/checks/dynastagechecked.png",
    "disabled_img": "images/checks/dynastageunchecked.png",
    "codes": "cocoacaveclear"
  },
  {
    "name": "Candy Mountain Clear",
    "type": "toggle",
    "img": "images/checks/dynastagechecked.png",
    "disabled_img": "images/checks/dynastageunchecked.png",
    "codes": "candymountainclear"
  },
  {
    "name": "Candy Mountain Big Switch",
    "type": "toggle",
    "img": "images/checks/bigswitchpressed.png",
    "disabled_img": "images/checks/bigswitchunpressed.png",
    "codes": "candymountainswitch"
  },
  {
    "name": "Trial Room 2 Clear",
    "type": "toggle",
    "img": "images/checks/dynastagechecked.png",
    "disabled_img": "images/checks/dynastageunchecked.png",
    "codes": "trialroom2clear"
  },
  {
    "name": "Dyna Blade Clear",
    "type": "toggle",
    "img": "images/checks/dynastagechecked.png",
    "disabled_img": "images/checks/dynastageunchecked.png",
    "codes": "dynabladeclear"
  },
  {
    "name": "Cutter Essence",
    "type": "toggle",
    "img": "images/checks/eschecked.png",
    "disabled_img": "images/checks/cutteres.png",
    "disabled_img_mods": "none",
    "codes": "cutteressence"
  },
  {
    "name": "Fighter Essence",
    "type": "toggle",
    "img": "images/checks/eschecked.png",
    "disabled_img": "images/checks/fighteres.png",
    "disabled_img_mods": "none",
    "codes": "fighteressence"
  },
  {
    "name": "Ice Essence",
    "type": "toggle",
    "img": "images/checks/eschecked.png",
    "disabled_img": "images/checks/icees.png",
    "disabled_img_mods": "none",
    "codes": "iceessence"
  },
  {
    "name": "Beam Essence",
    "type": "toggle",
    "img": "images/checks/eschecked.png",
    "disabled_img": "images/checks/beames.png",
    "disabled_img_mods": "none",
    "codes": "beamessence"
  },
  {
    "name": "Parasol Essence",
    "type": "toggle",
    "img": "images/checks/eschecked.png",
    "disabled_img": "images/checks/parasoles.png",
    "disabled_img_mods": "none",
    "codes": "parasolessence"
  },
  {
    "name": "Sword Essence",
    "type": "toggle",
    "img": "images/checks/eschecked.png",
    "disabled_img": "images/checks/swordes.png",
    "disabled_img_mods": "none",
    "codes": "swordessence"
  },
  {
    "name": "Jet Essence",
    "type": "toggle",
    "img": "images/checks/eschecked.png",
    "disabled_img": "images/checks/jetes.png",
    "disabled_img_mods": "none",
    "codes": "jetessence"
  },
  {
    "name": "Wheel Essence",
    "type": "toggle",
    "img": "images/checks/eschecked.png",
    "disabled_img": "images/checks/wheeles.png",
    "disabled_img_mods": "none",
    "codes": "wheelessence"
  },
  {
    "name": "Wing Essence",
    "type": "toggle",
    "img": "images/checks/eschecked.png",
    "disabled_img": "images/checks/winges.png",
    "disabled_img_mods": "none",
    "codes": "wingessence"
  },
  {
    "name": "Fire Essence",
    "type": "toggle",
    "img": "images/checks/eschecked.png",
    "disabled_img": "images/checks/firees.png",
    "disabled_img_mods": "none",
    "codes": "fireessence"
  },
  {
    "name": "Suplex Essence",
    "type": "toggle",
    "img": "images/checks/eschecked.png",
    "disabled_img": "images/checks/suplexes.png",
    "disabled_img_mods": "none",
    "codes": "suplexessence"
  },
  {
    "name": "Bomb Essence",
    "type": "toggle",
    "img": "images/checks/eschecked.png",
    "disabled_img": "images/checks/bombes.png",
    "disabled_img_mods": "none",
    "codes": "bombessence"
  },
  {
    "name": "Hammer Essence",
    "type": "toggle",
    "img": "images/checks/eschecked.png",
    "disabled_img": "images/checks/hammeres.png",
    "disabled_img_mods": "none",
    "codes": "hammeressence"
  },
  {
    "name": "Stone Essence",
    "type": "toggle",
    "img": "images/checks/eschecked.png",
    "disabled_img": "images/checks/stonees.png",
    "disabled_img_mods": "none",
    "codes": "stoneessence"
  },
  {
    "name": "Plasma Essence",
    "type": "toggle",
    "img": "images/checks/eschecked.png",
    "disabled_img": "images/checks/plasmaes.png",
    "disabled_img_mods": "none",
    "codes": "plasmaessence"
  },
  {
    "name": "Yoyo Essence",
    "type": "toggle",
    "img": "images/checks/eschecked.png",
    "disabled_img": "images/checks/yoyoes.png",
    "disabled_img_mods": "none",
    "codes": "yoyoessence"
  },
  {
    "name": "Mirror Essence",
    "type": "toggle",
    "img": "images/checks/eschecked.png",
    "disabled_img": "images/checks/mirrores.png",
    "disabled_img_mods": "none",
    "codes": "mirroressence"
  },
  {
    "name": "Ninja Essence",
    "type": "toggle",
    "img": "images/checks/eschecked.png",
    "disabled_img": "images/checks/ninjaes.png",
    "disabled_img_mods": "none",
    "codes": "ninjaessence"
  },
  {
    "name": "Copy Essence",
    "type": "toggle",
    "img": "images/checks/eschecked.png",
    "disabled_img": "images/checks/copyes.png",
    "disabled_img_mods": "none",
    "codes": "copyessence"
  },
  {
    "name": "Twin Woods",
    "type": "toggle",
    "img": "images/checks/dynastagechecked.png",
    "disabled_img": "images/checks/dynastageunchecked.png",
    "disabled_img_mods": "none",
    "codes": "twinwoods"
  },
  {
    "name": "Fatty Whale",
    "type": "toggle",
    "img": "images/checks/dynastagechecked.png",
    "disabled_img": "images/checks/dynastageunchecked.png",
    "disabled_img_mods": "none",
    "codes": "fattywhale"
  },
  {
    "name": "Kracko",
    "type": "toggle",
    "img": "images/checks/dynastagechecked.png",
    "disabled_img": "images/checks/dynastageunchecked.png",
    "disabled_img_mods": "none",
    "codes": "kracko"
  },
  {
    "name": "Chameleo Arm",
    "type": "toggle",
    "img": "images/checks/dynastagechecked.png",
    "disabled_img": "images/checks/dynastageunchecked.png",
    "disabled_img_mods": "none",
    "codes": "chameleoarm"
  },
  {
    "name": "Wham Bam Rock",
    "type": "toggle",
    "img": "images/checks/dynastagechecked.png",
    "disabled_img": "images/checks/dynastageunchecked.png",
    "disabled_img_mods": "none",
    "codes": "whambamrock"
  },
  {
    "name": "Heavy Lobster",
    "type": "toggle",
    "img": "images/checks/dynastagechecked.png",
    "disabled_img": "images/checks/dynastageunchecked.png",
    "disabled_img_mods": "none",
    "codes": "heavylobster"
  },
  {
    "name": "Computer Virus",
    "type": "toggle",
    "img": "images/checks/dynastagechecked.png",
    "disabled_img": "images/checks/dynastageunchecked.png",
    "disabled_img_mods": "none",
    "codes": "computervirus"
  },
]