[
  {
    "name": "GoldMedal",
    "type": "toggle",
    "loop": true,
    "img": "images/gcot/goldmedal.png",
    "codes": "goldmedal"
  },
  {
    "name": "GoldCoin",
    "type": "toggle",
    "loop": true,
    "img": "images/gcot/goldcoin.png",
    "codes": "goldcoin"
  },
  {
    "name": "Whip",
    "type": "toggle",
    "loop": true,
    "img": "images/gcot/whip.png",
    "codes": "whip"
  },
  {
    "name": "CrystalBall",
    "type": "toggle",
    "loop": true,
    "img": "images/gcot/crystalball.png",
    "codes": "crystalball"
  },
  {
    "name": "LuckyCat",
    "type": "toggle",
    "loop": true,
    "img": "images/gcot/luckycat.png",
    "codes": "luckycat"
  },
  {
    "name": "SeiryuSword",
    "type": "toggle",
    "loop": true,
    "img": "images/gcot/seiryusword.png",
    "codes": "seiryusword"
  },
  {
    "name": "ScrewBall",
    "type": "toggle",
    "loop": true,
    "img": "images/gcot/screwball.png",
    "codes": "screwball"
  },
  {
    "name": "EchigoCandy",
    "type": "toggle",
    "loop": true,
    "img": "images/gcot/echigocandy.png",
    "codes": "echigocandy"
  },
  {
    "name": "ZebraMask",
    "type": "toggle",
    "loop": true,
    "img": "images/gcot/zebramask.png",
    "codes": "zebramask"
  },
  {
    "name": "StarStone",
    "type": "toggle",
    "loop": true,
    "img": "images/gcot/starstone.png",
    "codes": "starstone"
  },
  {
    "name": "BeastsFang",
    "type": "toggle",
    "loop": true,
    "img": "images/gcot/beastsfang.png",
    "codes": "beastsfang"
  },
  {
    "name": "Bandanna",
    "type": "toggle",
    "loop": true,
    "img": "images/gcot/bandanna.png",
    "codes": "bandanna"
  },
  {
    "name": "Springtime",
    "type": "toggle",
    "loop": true,
    "img": "images/gcot/springtime.png",
    "codes": "springtime"
  },
  {
    "name": "Dime",
    "type": "toggle",
    "loop": true,
    "img": "images/gcot/dime.png",
    "codes": "dime"
  },
  {
    "name": "GlassSlippers",
    "type": "toggle",
    "loop": true,
    "img": "images/gcot/glassslippers.png",
    "codes": "glassslippers"
  },
  {
    "name": "Goblet",
    "type": "toggle",
    "loop": true,
    "img": "images/gcot/goblet.png",
    "codes": "goblet"
  },
  {
    "name": "Saucepan",
    "type": "toggle",
    "loop": true,
    "img": "images/gcot/saucepan.png",
    "codes": "saucepan"
  },
  {
    "name": "BrassKnuckle",
    "type": "toggle",
    "loop": true,
    "img": "images/gcot/brassknuckle.png",
    "codes": "brassknuckle"
  },
  {
    "name": "AmberRose",
    "type": "toggle",
    "loop": true,
    "img": "images/gcot/amberrose.png",
    "codes": "amberrose"
  },
  {
    "name": "FishFossil",
    "type": "toggle",
    "loop": true,
    "img": "images/gcot/fishfossil.png",
    "codes": "fishfossil"
  },
  {
    "name": "BeastFossil",
    "type": "toggle",
    "loop": true,
    "img": "images/gcot/beastfossil.png",
    "codes": "beastfossil"
  },
  {
    "name": "Nunchuks",
    "type": "toggle",
    "loop": true,
    "img": "images/gcot/nunchuks.png",
    "codes": "nunchuks"
  },
  {
    "name": "Bucket",
    "type": "toggle",
    "loop": true,
    "img": "images/gcot/bucket.png",
    "codes": "bucket"
  },
  {
    "name": "Summertime",
    "type": "toggle",
    "loop": true,
    "img": "images/gcot/summertime.png",
    "codes": "summertime"
  },
  {
    "name": "100DollarCoin",
    "type": "toggle",
    "loop": true,
    "img": "images/gcot/100dollarcoin.png",
    "codes": "100dollarcoin"
  },
  {
    "name": "AncientGem",
    "type": "toggle",
    "loop": true,
    "img": "images/gcot/ancientgem.png",
    "codes": "ancientgem"
  },
  {
    "name": "FalconHelmet",
    "type": "toggle",
    "loop": true,
    "img": "images/gcot/falconhelmet.png",
    "codes": "falconhelmet"
  },
  {
    "name": "Dud",
    "type": "toggle",
    "loop": true,
    "img": "images/gcot/dud.png",
    "codes": "dud"
  },
  {
    "name": "TruthMirror",
    "type": "toggle",
    "loop": true,
    "img": "images/gcot/truthmirror.png",
    "codes": "truthmirror"
  },
  {
    "name": "StarTiara",
    "type": "toggle",
    "loop": true,
    "img": "images/gcot/startiara.png",
    "codes": "startiara"
  },
  {
    "name": "TurtleShell",
    "type": "toggle",
    "loop": true,
    "img": "images/gcot/turtleshell.png",
    "codes": "turtleshell"
  },
  {
    "name": "Swordt",
    "type": "toggle",
    "loop": true,
    "img": "images/gcot/swordt.png",
    "codes": "swordt"
  },
  {
    "name": "WarriorShield",
    "type": "toggle",
    "loop": true,
    "img": "images/gcot/warriorshield.png",
    "codes": "warriorshield"
  },
  {
    "name": "UnicornsHorn",
    "type": "toggle",
    "loop": true,
    "img": "images/gcot/unicornshorn.png",
    "codes": "unicornshorn"
  },
  {
    "name": "Autumntime",
    "type": "toggle",
    "loop": true,
    "img": "images/gcot/autumntime.png",
    "codes": "autumntime"
  },
  {
    "name": "RiceBowl",
    "type": "toggle",
    "loop": true,
    "img": "images/gcot/ricebowl.png",
    "codes": "ricebowl"
  },
  {
    "name": "TutsMask",
    "type": "toggle",
    "loop": true,
    "img": "images/gcot/tutsmask.png",
    "codes": "tutsmask"
  },
  {
    "name": "MrSaturn",
    "type": "toggle",
    "loop": true,
    "img": "images/gcot/mrsaturn.png",
    "codes": "mrsaturn"
  },
  {
    "name": "Armor",
    "type": "toggle",
    "loop": true,
    "img": "images/gcot/armor.png",
    "codes": "armor"
  },
  {
    "name": "TreasureBox",
    "type": "toggle",
    "loop": true,
    "img": "images/gcot/treasurebox.png",
    "codes": "treasurebox"
  },
  {
    "name": "Mannequin",
    "type": "toggle",
    "loop": true,
    "img": "images/gcot/mannequin.png",
    "codes": "mannequin"
  },
  {
    "name": "GoldCrown",
    "type": "toggle",
    "loop": true,
    "img": "images/gcot/goldcrown.png",
    "codes": "goldcrown"
  },
  {
    "name": "KingsCape",
    "type": "toggle",
    "loop": true,
    "img": "images/gcot/kingscape.png",
    "codes": "kingscape"
  },
  {
    "name": "ModelShip",
    "type": "toggle",
    "loop": true,
    "img": "images/gcot/modelship.png",
    "codes": "modelship"
  },
  {
    "name": "SunRing",
    "type": "toggle",
    "loop": true,
    "img": "images/gcot/sunring.png",
    "codes": "sunring"
  },
  {
    "name": "Wintertime",
    "type": "toggle",
    "loop": true,
    "img": "images/gcot/wintertime.png",
    "codes": "wintertime"
  },
  {
    "name": "Katana",
    "type": "toggle",
    "loop": true,
    "img": "images/gcot/katana.png",
    "codes": "katana"
  },
  {
    "name": "Charm",
    "type": "toggle",
    "loop": true,
    "img": "images/gcot/charm.png",
    "codes": "charm"
  },
  {
    "name": "XmasTree",
    "type": "toggle",
    "loop": true,
    "img": "images/gcot/xmastree.png",
    "codes": "xmastree"
  },
  {
    "name": "KongsBarrel",
    "type": "toggle",
    "loop": true,
    "img": "images/gcot/kongsbarrel.png",
    "codes": "kongsbarrel"
  },
  {
    "name": "RamiasScale",
    "type": "toggle",
    "loop": true,
    "img": "images/gcot/ramiasscale.png",
    "codes": "ramiasscale"
  },
  {
    "name": "ShinyBamboo",
    "type": "toggle",
    "loop": true,
    "img": "images/gcot/shinybamboo.png",
    "codes": "shinybamboo"
  },
  {
    "name": "Tire",
    "type": "toggle",
    "loop": true,
    "img": "images/gcot/tire.png",
    "codes": "tire"
  },
  {
    "name": "SpiritCharm",
    "type": "toggle",
    "loop": true,
    "img": "images/gcot/spiritcharm.png",
    "codes": "spiritcharm"
  },
  {
    "name": "PegasusWing",
    "type": "toggle",
    "loop": true,
    "img": "images/gcot/pegasuswing.png",
    "codes": "pegasuswing"
  },
  {
    "name": "RaccoonDoll",
    "type": "toggle",
    "loop": true,
    "img": "images/gcot/raccoondoll.png",
    "codes": "raccoondoll"
  },
  {
    "name": "ShellWhistle",
    "type": "toggle",
    "loop": true,
    "img": "images/gcot/shellwhistle.png",
    "codes": "shellwhistle"
  },
  {
    "name": "Orihalcon",
    "type": "toggle",
    "loop": true,
    "img": "images/gcot/orihalcon.png",
    "codes": "orihalcon"
  },
  {
    "name": "PlatinumRing",
    "type": "toggle",
    "loop": true,
    "img": "images/gcot/platinumring.png",
    "codes": "platinumring"
  },
  {
    "name": "Triforce",
    "type": "toggle",
    "loop": true,
    "img": "images/gcot/triforce.png",
    "codes": "triforce"
  },
  {
    "name": "GoldValue",
    "type": "consumable",
    "img": "images/gcot/goldvalue.png",
    "codes": "goldvalue"
  }
]