[
  {
    "name": "Floria",
    "type": "toggle",
    "loop": true,
    "img": "images/mwws/floria.png",
    "codes": "floria"
  },
  {
    "name": "Cavios",
    "type": "toggle",
    "loop": true,
    "img": "images/mwws/cavios.png",
    "codes": "cavios"
  },
  {
    "name": "Aqualiss",
    "type": "toggle",
    "loop": true,
    "img": "images/mwws/aqualiss.png",
    "codes": "aqualiss"
  },
  {
    "name": "Skyhigh",
    "type": "toggle",
    "loop": true,
    "img": "images/mwws/skyhigh.png",
    "codes": "skyhigh"
  },
  {
    "name": "Hotbeat",
    "type": "toggle",
    "loop": true,
    "img": "images/mwws/hotbeat.png",
    "codes": "hotbeat"
  },
  {
    "name": "Mecheye",
    "type": "toggle",
    "loop": true,
    "img": "images/mwws/mecheye.png",
    "codes": "mecheye"
  },
  {
    "name": "Halfmoon",
    "type": "toggle",
    "loop": true,
    "img": "images/mwws/halfmoon.png",
    "codes": "halfmoon"
  },
  {
    "name": "Nova",
    "type": "toggle",
    "loop": true,
    "img": "images/mwws/nova.png",
    "codes": "nova"
  },
  {
    "name": "Tac",
    "type": "toggle",
    "loop": true,
    "img": "images/mwws/tac.png",
    "codes": "tac"
  },
]