[
  {
    "name": "Dynablade",
    "type": "toggle",
    "loop": true,
    "img": "images/subgames/dynablade.png",
    "codes": "dynablade"
  },
  {
    "name": "GourmetRace",
    "type": "toggle",
    "loop": true,
    "img": "images/subgames/gourmetrace.png",
    "codes": "gourmetrace"
  },
  {
    "name": "GreatCaveOffensive",
    "type": "toggle",
    "loop": true,
    "img": "images/subgames/greatcaveoffensive.png",
    "codes": "greatcaveoffensive"
  },
  {
    "name": "MegatonPunch",
    "type": "toggle",
    "loop": true,
    "img": "images/subgames/megatonpunch.png",
    "codes": "megatonpunch"
  },
  {
    "name": "MilkyWayWishes",
    "type": "toggle",
    "loop": true,
    "img": "images/subgames/milkywaywishes.png",
    "codes": "milkywaywishes"
  },
  {
    "name": "RevengeOfMetaKnight",
    "type": "toggle",
    "loop": true,
    "img": "images/subgames/revengeofmetaknight.png",
    "codes": "revengeofmetaknight"
  },
  {
    "name": "SamuraiKirby",
    "type": "toggle",
    "loop": true,
    "img": "images/subgames/samuraikirby.png",
    "codes": "samuraikirby"
  },
  {
    "name": "SpringBreeze",
    "type": "toggle",
    "loop": true,
    "img": "images/subgames/springbreeze.png",
    "codes": "springbreeze"
  },
  {
    "name": "TheArena",
    "type": "toggle",
    "loop": true,
    "img": "images/subgames/thearena.png",
    "codes": "thearena"
  }
]