{
  "ability_grid": {
    "type": "container",
    "orientation": "vertical",
    "content": [
      {
        "type": "itemgrid",
        "dropshadow": true,
        "h_alignment": "center",
        "item_size": "20",
        "item_margin": "0,0,22,22",
        "margin": "0",
        "rows": [
          [
            "",
            "",
            "",
            "",
          ]
        ]
      },
      {
        "type": "container",
        "content": [
          {
            "type": "itemgrid",
            "dropshadow": true,
            "h_alignment": "center",
            "item_size": "50",
            "item_margin": "0,4",
            "margin": "5,2,0,0",
            "rows": [
              [
                "ice",
                "plasma",
                "yoyo",
                "bomb",
                "sword",
                "fire"
              ],
              [
                "wing",
                "cutter",
                "mirror",
                "beam",
                "fighter",
                "parasol"
              ],
              [
                "stone",
                "wheel",
                "jet",
                "suplex",
                "hammer",
                "ninja"
              ],
              [
                "copy"
              ]
            ]
          }
        ]
      }
    ]
  }
}