{
  "gcot_grid": {
    "type": "container",
    "orientation": "vertical",
    "content": [
      {
        "type": "itemgrid",
        "dropshadow": true,
        "h_alignment": "center",
        "item_size": "20",
        "item_margin": "0,0,22,22",
        "margin": "0",
        "rows": [
          [
            "",
            "",
            "",
            "",
            "",
            "",
            "",
          ]
        ]
      },
      {
        "type": "container",
        "content": [
          {
            "type": "itemgrid",
            "dropshadow": true,
            "h_alignment": "center",
            "item_size": "25",
            "item_margin": "2,4",
            "margin": "0,2,0,0",
            "rows": [
              [
                "goldmedal",
                "goldcoin",
                "whip",
                "crystalball",
                "luckycat",
                "seiryusword",
                "screwball",
                "echigocandy",
                "zebramask",
                "starstone",
              ],
              [
                "beastsfang",
                "bandanna",
                "springtime",
                "dime",
                "glassslippers",
                "goblet",
                "saucepan",
                "brassknuckle",
                "amberrose",
                "fishfossil"
              ],
              [
                "beastfossil",
                "nunchuks",
                "bucket",
                "summertime",
                "100dollarcoin",
                "ancientgem",
                "falconhelmet",
                "dud",
                "truthmirror",
                "startiara"
              ],
              [
                "turtleshell",
                "swordt",
                "warriorshield",
                "unicornshorn",
                "autumntime",
                "ricebowl",
                "tutsmask",
                "mrsaturn",
                "armor",
                "treasurebox"
              ],
              [
                "mannequin",
                "goldcrown",
                "kingscape",
                "modelship",
                "sunring",
                "wintertime",
                "katana",
                "charm",
                "xmastree",
                "kongsbarrel"
              ],
              [
                "ramiasscale",
                "shinybamboo",
                "tire",
                "spiritcharm",
                "pegasuswing",
                "raccoondoll",
                "shellwhistle",
                "orihalcon",
                "platinumring",
                "triforce",
              ],
//              [
//                "goldvalue",
//              ],
            ]
          }
        ]
      }
    ]
  }
}