{
  "layout_maps": {
    "type": "container",
    "content": [
      {
        "type": "tabbed",

        "tabs": [
          {
            "title": "Super Star",
            "content": {
              "type": "map",
              "maps": [
                "coarkboard"
              ]
            }
          },
          {
            "title": "Dyna Blade",
            "content": {
              "type": "map",
              "maps": [
                "dynablade"
              ]
            }
          },
          {
            "title": "Milky Way Wishes",
            "content": {
              "type": "map",
              "maps": [
                "milkywaywishes"
              ]
            }
          }
        ]
      }
    ]
  }
}