{
  "mwws_grid": {
    "type": "container",
    "orientation": "vertical",
    "content": [
      {
        "type": "itemgrid",
        "dropshadow": true,
        "h_alignment": "center",
        "item_size": "20",
        "item_margin": "0,0,22,22",
        "margin": "0",
        "rows": [
          [
            "",
          ]
        ]
      },
      {
        "type": "container",
        "content": [
          {
            "type": "itemgrid",
            "dropshadow": true,
            "h_alignment": "center",
            "item_size": "33",
            "item_margin": "0,4",
            "margin": "0,2,0,0",
            "rows": [
              [
                "floria",
                "aqualiss",
                "skyhigh",
                "hotbeat",
                "cavios",
                "mecheye",
                "halfmoon",
                "nova",
                "tac"
              ]
            ]
          }
        ]
      }
    ]
  }
}