{
  "subgames_grid": {
    "type": "container",
    "orientation": "vertical",
    "content": [
      {
        "type": "itemgrid",
        "dropshadow": true,
        "h_alignment": "center",
        "item_size": "50",
        "item_margin": "0,0,15,0",
        "margin": "0",
        "rows": [
          [
            "",
            "",
            "",
          ]
        ]
      },
      {
        "type": "container",
        "content": [
          {
            "type": "itemgrid",
            "dropshadow": true,
            "h_alignment": "center",
            "item_size": "90",
            "item_margin": "4,4",
            "margin": "5,0,0,0",
            "rows": [
              [
                "springbreeze",
                "thearena",
                "revengeofmetaknight",
              ],
              [
                "dynablade",
                "greatcaveoffensive",
                "milkywaywishes",
              ],
            ]
          }
        ]
      }
    ]
  }
}