{
  "tracker_default": {
    "background": "#737387",
    "type": "dock",
    "content": [
      {
        "type": "scroll",
        "width": 320,
        "dock": "left",
        "horizontal_scrollbar_visibility": "disabled",
        "content": {
          "type": "dock",
          "orientation": "vertical",
          "content": [
            {
              "type": "group",
              "header": "Subgames",
              "dock": "top",
              "content": {
                "type": "layout",
                "key": "subgames_grid"
              }
            },
            {
              "type": "group",
              "header": "Copy Abilities",
              "dock": "top",
              "content": {
                "type": "layout",
                "key": "ability_grid"
              }
            },
            {
              "type": "group",
              "header": "Great Cave Offensive Treasures",
              "dock": "top",
              "content": {
                "type": "layout",
                "key": "gcot_grid"
              }
            },
            {
              "type": "group",
              "header": "Milky Way Wishes Stages",
              "dock": "bottom",
              "content": {
                "type": "layout",
                "key": "mwws_grid"
              }
            },
          ]
        }
      },
      {
        "type": "dock",
        "orientation": "vertical",
        "content": [
          {
            "type": "container",
            "content": [
              {
                "type": "layout",
                "key": "layout_maps"
              },
              {
                "type": "dock",
                "margin": "0,0,2,0",
                "content": [
                  {
                    "type": "scroll",
                    "dock": "bottom",
                    "height": 102,
                    "vertical_scrollbar_visibility": "disabled",
                    "margin": "2,0,20,2",
                    "content": [
                      {
                        "type": "container",
                        "h_alignment": "center",
                        "content": {
                          "type": "recentpins",
                          "orientation": "horizontal"
                        }
                      }
                    ]
                  },
                  {
                    "type": "container",
                    "content": []
                  }
                ]
              }
            ]
          }
        ]
      }
    ]
  }
}